"CountryNm","latlong","variable","value"
"CAYMAN ISLANDS","19.28:-81.39","2014-12-01",22914
"CAYMAN ISLANDS","19.28:-81.39","2014-11-01",21633
"CAYMAN ISLANDS","19.28:-81.39","2014-10-01",20070
"CAYMAN ISLANDS","19.28:-81.39","2014-09-01",19216
"CAYMAN ISLANDS","19.28:-81.39","2014-08-01",18408
"CAYMAN ISLANDS","19.28:-81.39","2014-07-01",17207
"LUXEMBOURG","49.62:6.12","2014-12-01",5607
"LUXEMBOURG","49.62:6.12","2014-11-01",5162
"LUXEMBOURG","49.62:6.12","2014-10-01",4811
"LUXEMBOURG","49.62:6.12","2014-09-01",4620
"SWITZERLAND","46.95:7.44","2014-12-01",4613
"SWITZERLAND","46.95:7.44","2014-11-01",4586
"SWITZERLAND","46.95:7.44","2014-10-01",4544
"SWITZERLAND","46.95:7.44","2014-09-01",4496
"SWITZERLAND","46.95:7.44","2014-08-01",4454
"LUXEMBOURG","49.62:6.12","2014-08-01",4376
"SWITZERLAND","46.95:7.44","2014-07-01",4279
"LUXEMBOURG","49.62:6.12","2014-07-01",4061
"JAPAN","35.67:139.77","2014-12-01",3594
"JAPAN","35.67:139.77","2014-11-01",3560
"JAPAN","35.67:139.77","2014-09-01",3542
"JAPAN","35.67:139.77","2014-10-01",3542
"JAPAN","35.67:139.77","2014-08-01",3514
"JAPAN","35.67:139.77","2014-07-01",3390
"CANADA","45.42:-75.71","2014-12-01",3278
"GERMANY","52.52:13.38","2014-12-01",3257
"BRAZIL","-15.78:-47.91","2014-12-01",3179
"GERMANY","52.52:13.38","2014-11-01",3178
"GERMANY","52.52:13.38","2014-10-01",3120
"GERMANY","52.52:13.38","2014-09-01",3064
"AUSTRIA","48.22:16.37","2014-12-01",3046
"CANADA","45.42:-75.71","2014-11-01",3043
"AUSTRIA","48.22:16.37","2014-08-01",3035
"AUSTRIA","48.22:16.37","2014-10-01",3032
"AUSTRIA","48.22:16.37","2014-09-01",3026
"AUSTRIA","48.22:16.37","2014-11-01",3025
"GERMANY","52.52:13.38","2014-08-01",3014
"AUSTRIA","48.22:16.37","2014-07-01",3010
"FRANCE","48.86:2.34","2014-12-01",2955
"CANADA","45.42:-75.71","2014-10-01",2900
"GERMANY","52.52:13.38","2014-07-01",2894
"JERSEY","49.19:-2.11","2014-12-01",2871
"FRANCE","48.86:2.34","2014-11-01",2858
"BRAZIL","-15.78:-47.91","2014-11-01",2841
"CANADA","45.42:-75.71","2014-09-01",2815
"IRELAND","53.33:-6.25","2014-12-01",2775
"CANADA","45.42:-75.71","2014-08-01",2738
"FRANCE","48.86:2.34","2014-10-01",2736
"NETHERLANDS","52.37:4.89","2014-12-01",2693
"FRANCE","48.86:2.34","2014-09-01",2655
"JERSEY","49.19:-2.11","2014-11-01",2612
"NETHERLANDS","52.37:4.89","2014-11-01",2588
"FRANCE","48.86:2.34","2014-08-01",2587
"AUSTRALIA","-35.31:149.13","2014-12-01",2583
"CANADA","45.42:-75.71","2014-07-01",2566
"AUSTRALIA","-35.31:149.13","2014-11-01",2507
"BRAZIL","-15.78:-47.91","2014-10-01",2498
"NETHERLANDS","52.37:4.89","2014-10-01",2493
"IRELAND","53.33:-6.25","2014-11-01",2462
"BRAZIL","-15.78:-47.91","2014-09-01",2451
"NETHERLANDS","52.37:4.89","2014-09-01",2434
"FRANCE","48.86:2.34","2014-07-01",2422
"BRAZIL","-15.78:-47.91","2014-08-01",2420
"NETHERLANDS","52.37:4.89","2014-08-01",2413
"AUSTRALIA","-35.31:149.13","2014-10-01",2397
"JERSEY","49.19:-2.11","2014-10-01",2395
"BRAZIL","-15.78:-47.91","2014-07-01",2362
"IRELAND","53.33:-6.25","2014-10-01",2293
"NETHERLANDS","52.37:4.89","2014-07-01",2280
"AUSTRALIA","-35.31:149.13","2014-09-01",2261
"JERSEY","49.19:-2.11","2014-09-01",2240
"AUSTRALIA","-35.31:149.13","2014-08-01",2195
"IRELAND","53.33:-6.25","2014-09-01",2190
"IRELAND","53.33:-6.25","2014-08-01",2132
"JERSEY","49.19:-2.11","2014-08-01",2095
"AUSTRALIA","-35.31:149.13","2014-07-01",2073
"IRELAND","53.33:-6.25","2014-07-01",2007
"JERSEY","49.19:-2.11","2014-07-01",1974
"BERMUDA","32.3:-64.79","2014-12-01",1879
"GIBRALTAR","36.14:-5.35","2014-12-01",1878
"GIBRALTAR","36.14:-5.35","2014-11-01",1841
"BERMUDA","32.3:-64.79","2014-11-01",1824
"BERMUDA","32.3:-64.79","2014-10-01",1786
"BERMUDA","32.3:-64.79","2014-09-01",1753
"BERMUDA","32.3:-64.79","2014-08-01",1730
"BERMUDA","32.3:-64.79","2014-07-01",1579
"GIBRALTAR","36.14:-5.35","2014-10-01",1553
"SPAIN","40.42:-3.71","2014-11-01",1331
"SPAIN","40.42:-3.71","2014-12-01",1320
"SPAIN","40.42:-3.71","2014-10-01",1315
"SINGAPORE","1.3:103.85","2014-12-01",1307
"SPAIN","40.42:-3.71","2014-09-01",1303
"SPAIN","40.42:-3.71","2014-08-01",1276
"SINGAPORE","1.3:103.85","2014-11-01",1265
"SPAIN","40.42:-3.71","2014-07-01",1227
"THAILAND","13.73:100.5","2014-12-01",1226
"SINGAPORE","1.3:103.85","2014-10-01",1203
"THAILAND","13.73:100.5","2014-11-01",1194
"MAURITIUS","-20.17:57.51","2014-12-01",1177
"SINGAPORE","1.3:103.85","2014-09-01",1160
"GIBRALTAR","36.14:-5.35","2014-09-01",1156
"THAILAND","13.73:100.5","2014-10-01",1141
"SINGAPORE","1.3:103.85","2014-08-01",1120
"MAURITIUS","-20.17:57.51","2014-11-01",1100
"SINGAPORE","1.3:103.85","2014-07-01",1072
"THAILAND","13.73:100.5","2014-09-01",1040
"MAURITIUS","-20.17:57.51","2014-10-01",1028
"MAURITIUS","-20.17:57.51","2014-09-01",969
"MAURITIUS","-20.17:57.51","2014-08-01",931
"THAILAND","13.73:100.5","2014-08-01",891
"ITALY","41.89:12.5","2014-12-01",874
"MAURITIUS","-20.17:57.51","2014-07-01",872
"TAIWAN","25.02:121.45","2014-12-01",852
"TAIWAN","25.02:121.45","2014-11-01",845
"TAIWAN","25.02:121.45","2014-10-01",841
"THAILAND","13.73:100.5","2014-07-01",823
"ITALY","41.89:12.5","2014-11-01",797
"BAHAMAS","25.06:-77.33","2014-12-01",769
"ITALY","41.89:12.5","2014-10-01",760
"TAIWAN","25.02:121.45","2014-09-01",757
"ISLE OF MAN","54.15:-4.48","2014-12-01",746
"ITALY","41.89:12.5","2014-09-01",743
"BAHAMAS","25.06:-77.33","2014-11-01",736
"NEW ZEALAND","-41.28:174.78","2014-12-01",736
"BAHAMAS","25.06:-77.33","2014-10-01",721
"PANAMA","8.97:-79.53","2014-12-01",714
"NEW ZEALAND","-41.28:174.78","2014-11-01",705
"BAHAMAS","25.06:-77.33","2014-09-01",701
"PANAMA","8.97:-79.53","2014-11-01",698
"PANAMA","8.97:-79.53","2014-10-01",684
"BAHAMAS","25.06:-77.33","2014-08-01",674
"PANAMA","8.97:-79.53","2014-09-01",673
"CHINA","39.93:116.4","2014-12-01",658
"ITALY","41.89:12.5","2014-08-01",654
"NEW ZEALAND","-41.28:174.78","2014-10-01",648
"BAHAMAS","25.06:-77.33","2014-07-01",646
"ISLE OF MAN","54.15:-4.48","2014-11-01",625
"MALTA","35.91:14.52","2014-12-01",620
"CHINA","39.93:116.4","2014-11-01",609
"SOUTH AFRICA","-25.73:28.22","2014-12-01",607
"CHINA","39.93:116.4","2014-10-01",599
"ITALY","41.89:12.5","2014-07-01",587
"CHINA","39.93:116.4","2014-09-01",577
"SOUTH AFRICA","-25.73:28.22","2014-11-01",571
"ISLE OF MAN","54.15:-4.48","2014-10-01",557
"MALTA","35.91:14.52","2014-11-01",551
"NEW ZEALAND","-41.28:174.78","2014-09-01",550
"CHINA","39.93:116.4","2014-08-01",547
"PANAMA","8.97:-79.53","2014-08-01",540
"FINLAND","60.17:24.94","2014-12-01",533
"MEXICO","19.43:-99.14","2014-12-01",532
"SOUTH AFRICA","-25.73:28.22","2014-10-01",529
"SWEDEN","59.33:18.07","2014-12-01",528
"TAIWAN","25.02:121.45","2014-08-01",525
"FINLAND","60.17:24.94","2014-11-01",522
"MEXICO","19.43:-99.14","2014-11-01",522
"MEXICO","19.43:-99.14","2014-10-01",516
"GIBRALTAR","36.14:-5.35","2014-08-01",513
"MEXICO","19.43:-99.14","2014-09-01",512
"FINLAND","60.17:24.94","2014-10-01",512
"SWEDEN","59.33:18.07","2014-11-01",512
"SOUTH AFRICA","-25.73:28.22","2014-09-01",501
"FINLAND","60.17:24.94","2014-09-01",499
"MALAYSIA","3.16:101.71","2014-12-01",498
"MALAYSIA","3.16:101.71","2014-11-01",493
"MEXICO","19.43:-99.14","2014-08-01",491
"FINLAND","60.17:24.94","2014-08-01",490
"SOUTH AFRICA","-25.73:28.22","2014-08-01",487
"MALAYSIA","3.16:101.71","2014-10-01",487
"ARGENTINA","-34.61:-58.37","2014-12-01",487
"PANAMA","8.97:-79.53","2014-07-01",484
"LIECHTENSTEIN","47.14:9.53","2014-12-01",484
"FINLAND","60.17:24.94","2014-07-01",482
"TAIWAN","25.02:121.45","2014-07-01",481
"CYPRUS","35.18:33.37","2014-12-01",481
"MALAYSIA","3.16:101.71","2014-09-01",480
"SWEDEN","59.33:18.07","2014-10-01",480
"ARGENTINA","-34.61:-58.37","2014-11-01",477
"ISRAEL","31.78:35.22","2014-12-01",477
"MALAYSIA","3.16:101.71","2014-08-01",475
"ISLE OF MAN","54.15:-4.48","2014-09-01",475
"SWEDEN","59.33:18.07","2014-09-01",469
"ISRAEL","31.78:35.22","2014-11-01",463
"ARGENTINA","-34.61:-58.37","2014-10-01",462
"SWEDEN","59.33:18.07","2014-08-01",454
"ARGENTINA","-34.61:-58.37","2014-09-01",449
"MALTA","35.91:14.52","2014-10-01",438
"CYPRUS","35.18:33.37","2014-11-01",438
"MALAYSIA","3.16:101.71","2014-07-01",437
"ARGENTINA","-34.61:-58.37","2014-08-01",437
"NEW ZEALAND","-41.28:174.78","2014-08-01",430
"NORWAY","59.91:10.75","2014-12-01",426
"INDONESIA","-6.18:106.83","2014-12-01",425
"CYPRUS","35.18:33.37","2014-10-01",421
"ISRAEL","31.78:35.22","2014-10-01",420
"INDONESIA","-6.18:106.83","2014-11-01",419
"ISLE OF MAN","54.15:-4.48","2014-08-01",417
"SWEDEN","59.33:18.07","2014-07-01",414
"INDONESIA","-6.18:106.83","2014-10-01",412
"LIECHTENSTEIN","47.14:9.53","2014-11-01",412
"MEXICO","19.43:-99.14","2014-07-01",410
"NORWAY","59.91:10.75","2014-11-01",409
"INDONESIA","-6.18:106.83","2014-09-01",406
"ARGENTINA","-34.61:-58.37","2014-07-01",401
"INDIA","28.6:77.22","2014-12-01",401
"CYPRUS","35.18:33.37","2014-09-01",400
"INDONESIA","-6.18:106.83","2014-08-01",398
"ISRAEL","31.78:35.22","2014-09-01",398
"NEW ZEALAND","-41.28:174.78","2014-07-01",396
"SOUTH AFRICA","-25.73:28.22","2014-07-01",395
"INDIA","28.6:77.22","2014-11-01",393
"INDIA","28.6:77.22","2014-09-01",391
"INDIA","28.6:77.22","2014-10-01",391
"NORWAY","59.91:10.75","2014-10-01",388
"MALTA","35.91:14.52","2014-09-01",384
"CYPRUS","35.18:33.37","2014-08-01",381
"INDIA","28.6:77.22","2014-08-01",377
"MALTA","35.91:14.52","2014-08-01",376
"ISRAEL","31.78:35.22","2014-08-01",373
"LIECHTENSTEIN","47.14:9.53","2014-10-01",369
"CHILE","-33.46:-70.64","2014-12-01",366
"NORWAY","59.91:10.75","2014-08-01",365
"NORWAY","59.91:10.75","2014-09-01",365
"CHILE","-33.46:-70.64","2014-11-01",365
"CHILE","-33.46:-70.64","2014-10-01",360
"CHILE","-33.46:-70.64","2014-08-01",357
"CHILE","-33.46:-70.64","2014-09-01",357
"ISLE OF MAN","54.15:-4.48","2014-07-01",355
"HUNGARY","47.51:19.08","2014-12-01",354
"ISRAEL","31.78:35.22","2014-07-01",352
"INDONESIA","-6.18:106.83","2014-07-01",351
"NORWAY","59.91:10.75","2014-07-01",349
"MALTA","35.91:14.52","2014-07-01",348
"HUNGARY","47.51:19.08","2014-11-01",344
"CHILE","-33.46:-70.64","2014-07-01",342
"HUNGARY","47.51:19.08","2014-10-01",337
"LIECHTENSTEIN","47.14:9.53","2014-09-01",334
"CYPRUS","35.18:33.37","2014-07-01",330
"LIECHTENSTEIN","47.14:9.53","2014-08-01",328
"INDIA","28.6:77.22","2014-07-01",321
"PORTUGAL","38.72:-9.14","2014-11-01",310
"PORTUGAL","38.72:-9.14","2014-10-01",307
"PORTUGAL","38.72:-9.14","2014-09-01",305
"HUNGARY","47.51:19.08","2014-09-01",304
"PORTUGAL","38.72:-9.14","2014-12-01",303
"PORTUGAL","38.72:-9.14","2014-08-01",298
"BELGIUM","50.83:4.33","2014-12-01",292
"LIECHTENSTEIN","47.14:9.53","2014-07-01",291
"PORTUGAL","38.72:-9.14","2014-07-01",287
"BELGIUM","50.83:4.33","2014-11-01",280
"UNITED ARAB EMIRATES","24.48:54.37","2014-12-01",278
"BELGIUM","50.83:4.33","2014-10-01",275
"BELGIUM","50.83:4.33","2014-09-01",272
"BELGIUM","50.83:4.33","2014-08-01",271
"UNITED ARAB EMIRATES","24.48:54.37","2014-11-01",263
"BELGIUM","50.83:4.33","2014-07-01",256
"DENMARK","55.68:12.57","2014-12-01",251
"UNITED ARAB EMIRATES","24.48:54.37","2014-10-01",250
"BELIZE","17.25:-88.79","2014-12-01",246
"TURKEY","39.93:32.85","2014-12-01",246
"TURKEY","39.93:32.85","2014-11-01",245
"BELIZE","17.25:-88.79","2014-11-01",243
"POLAND","52.26:21.02","2014-12-01",243
"BELIZE","17.25:-88.79","2014-10-01",240
"TURKEY","39.93:32.85","2014-10-01",240
"TURKEY","39.93:32.85","2014-09-01",235
"DENMARK","55.68:12.57","2014-11-01",235
"UNITED ARAB EMIRATES","24.48:54.37","2014-09-01",232
"BELIZE","17.25:-88.79","2014-09-01",228
"DENMARK","55.68:12.57","2014-10-01",225
"POLAND","52.26:21.02","2014-11-01",225
"TURKEY","39.93:32.85","2014-08-01",221
"DENMARK","55.68:12.57","2014-09-01",221
"UNITED ARAB EMIRATES","24.48:54.37","2014-08-01",220
"POLAND","52.26:21.02","2014-10-01",220
"DENMARK","55.68:12.57","2014-08-01",219
"POLAND","52.26:21.02","2014-09-01",217
"CHINA","39.93:116.4","2014-07-01",213
"TURKEY","39.93:32.85","2014-07-01",210
"POLAND","52.26:21.02","2014-08-01",210
"COLOMBIA","4.63:-74.09","2014-12-01",208
"COLOMBIA","4.63:-74.09","2014-11-01",206
"DENMARK","55.68:12.57","2014-07-01",204
"UNITED ARAB EMIRATES","24.48:54.37","2014-07-01",204
"UKRAINE","50.43:30.52","2014-12-01",203
"UKRAINE","50.43:30.52","2014-10-01",202
"UKRAINE","50.43:30.52","2014-11-01",202
"UKRAINE","50.43:30.52","2014-09-01",201
"PHILIPPINES","14.62:120.97","2014-12-01",201
"UKRAINE","50.43:30.52","2014-08-01",200
"PHILIPPINES","14.62:120.97","2014-11-01",200
"COLOMBIA","4.63:-74.09","2014-10-01",199
"PHILIPPINES","14.62:120.97","2014-10-01",198
"PHILIPPINES","14.62:120.97","2014-09-01",197
"COLOMBIA","4.63:-74.09","2014-09-01",194
"PHILIPPINES","14.62:120.97","2014-08-01",193
"COLOMBIA","4.63:-74.09","2014-08-01",188
"UKRAINE","50.43:30.52","2014-07-01",187
"BAHRAIN","26.21:50.58","2014-10-01",186
"BAHRAIN","26.21:50.58","2014-11-01",186
"COLOMBIA","4.63:-74.09","2014-07-01",184
"BAHRAIN","26.21:50.58","2014-12-01",184
"POLAND","52.26:21.02","2014-07-01",180
"BAHRAIN","26.21:50.58","2014-08-01",180
"BAHRAIN","26.21:50.58","2014-09-01",180
"PHILIPPINES","14.62:120.97","2014-07-01",178
"PERU","-12.07:-77.05","2014-12-01",178
"PERU","-12.07:-77.05","2014-11-01",176
"PERU","-12.07:-77.05","2014-10-01",175
"EGYPT","30.06:31.25","2014-12-01",175
"PERU","-12.07:-77.05","2014-08-01",174
"PERU","-12.07:-77.05","2014-09-01",174
"PERU","-12.07:-77.05","2014-07-01",172
"EGYPT","30.06:31.25","2014-11-01",168
"BELIZE","17.25:-88.79","2014-08-01",166
"BAHRAIN","26.21:50.58","2014-07-01",165
"EGYPT","30.06:31.25","2014-10-01",164
"HUNGARY","47.51:19.08","2014-08-01",163
"BARBADOS","13.11:-59.61","2014-12-01",162
"BARBADOS","13.11:-59.61","2014-11-01",158
"BARBADOS","13.11:-59.61","2014-09-01",157
"EGYPT","30.06:31.25","2014-09-01",157
"BARBADOS","13.11:-59.61","2014-10-01",157
"URUGUAY","-34.87:-56.17","2014-12-01",157
"BARBADOS","13.11:-59.61","2014-08-01",155
"URUGUAY","-34.87:-56.17","2014-11-01",153
"SAINT VINCENT AND THE GRENADINES","13.16:-61.23","2014-12-01",152
"URUGUAY","-34.87:-56.17","2014-09-01",151
"URUGUAY","-34.87:-56.17","2014-10-01",151
"URUGUAY","-34.87:-56.17","2014-08-01",150
"SAINT VINCENT AND THE GRENADINES","13.16:-61.23","2014-11-01",150
"CZECH REPUBLIC","50.08:14.43","2014-12-01",149
"EGYPT","30.06:31.25","2014-08-01",148
"SAINT VINCENT AND THE GRENADINES","13.16:-61.23","2014-10-01",148
"BARBADOS","13.11:-59.61","2014-07-01",146
"CZECH REPUBLIC","50.08:14.43","2014-11-01",145
"URUGUAY","-34.87:-56.17","2014-07-01",142
"LEBANON","33.88:35.5","2014-12-01",140
"ANGUILLA","18.22:-63.05","2014-11-01",139
"GREECE","37.98:23.73","2014-12-01",139
"ANGUILLA","18.22:-63.05","2014-12-01",138
"GREECE","37.98:23.73","2014-11-01",137
"LEBANON","33.88:35.5","2014-11-01",136
"BELIZE","17.25:-88.79","2014-07-01",135
"ANGUILLA","18.22:-63.05","2014-10-01",135
"LEBANON","33.88:35.5","2014-10-01",134
"MOROCCO","34.02:-6.84","2014-07-01",133
"ANGUILLA","18.22:-63.05","2014-09-01",133
"LEBANON","33.88:35.5","2014-09-01",133
"SAINT VINCENT AND THE GRENADINES","13.16:-61.23","2014-09-01",131
"BULGARIA","42.69:23.31","2014-12-01",131
"MOROCCO","34.02:-6.84","2014-12-01",131
"ANGUILLA","18.22:-63.05","2014-08-01",130
"MOROCCO","34.02:-6.84","2014-08-01",130
"MOROCCO","34.02:-6.84","2014-09-01",130
"MOROCCO","34.02:-6.84","2014-10-01",130
"MOROCCO","34.02:-6.84","2014-11-01",130
"LEBANON","33.88:35.5","2014-08-01",129
"COSTA RICA","10.97:-85.13","2014-12-01",129
"COSTA RICA","9.93:-84.08","2014-12-01",129
"SAINT VINCENT AND THE GRENADINES","13.16:-61.23","2014-08-01",128
"COSTA RICA","10.97:-85.13","2014-11-01",127
"COSTA RICA","9.93:-84.08","2014-11-01",127
"MONACO","43.74:7.42","2014-12-01",127
"COSTA RICA","10.97:-85.13","2014-09-01",125
"COSTA RICA","9.93:-84.08","2014-09-01",125
"COSTA RICA","10.97:-85.13","2014-10-01",125
"COSTA RICA","9.93:-84.08","2014-10-01",125
"GREECE","37.98:23.73","2014-10-01",125
"SAINT KITTS AND NEVIS","17.31:-62.73","2014-12-01",125
"SAINT VINCENT AND THE GRENADINES","13.16:-61.23","2014-07-01",124
"COSTA RICA","10.97:-85.13","2014-08-01",124
"COSTA RICA","9.93:-84.08","2014-08-01",124
"CZECH REPUBLIC","50.08:14.43","2014-10-01",124
"MONACO","43.74:7.42","2014-11-01",124
"SAINT KITTS AND NEVIS","17.31:-62.73","2014-11-01",124
"GREECE","37.98:23.73","2014-09-01",123
"LEBANON","33.88:35.5","2014-07-01",122
"ANGUILLA","18.22:-63.05","2014-07-01",120
"CZECH REPUBLIC","50.08:14.43","2014-09-01",120
"MONACO","43.74:7.42","2014-10-01",120
"SAINT KITTS AND NEVIS","17.31:-62.73","2014-10-01",120
"BULGARIA","42.69:23.31","2014-11-01",120
"ROMANIA","44.44:26.1","2014-11-01",120
"ROMANIA","44.44:26.1","2014-12-01",120
"GREECE","37.98:23.73","2014-08-01",118
"SAINT KITTS AND NEVIS","17.31:-62.73","2014-09-01",118
"COSTA RICA","10.97:-85.13","2014-07-01",116
"COSTA RICA","9.93:-84.08","2014-07-01",116
"GIBRALTAR","36.14:-5.35","2014-07-01",116
"ROMANIA","44.44:26.1","2014-10-01",116
"CZECH REPUBLIC","50.08:14.43","2014-07-01",115
"HUNGARY","47.51:19.08","2014-07-01",115
"CZECH REPUBLIC","50.08:14.43","2014-08-01",115
"ROMANIA","44.44:26.1","2014-08-01",115
"MONACO","43.74:7.42","2014-09-01",115
"ROMANIA","44.44:26.1","2014-07-01",114
"SAINT KITTS AND NEVIS","17.31:-62.73","2014-08-01",114
"MONACO","43.74:7.42","2014-08-01",113
"ROMANIA","44.44:26.1","2014-09-01",112
"BULGARIA","42.69:23.31","2014-10-01",111
"EGYPT","30.06:31.25","2014-07-01",109
"BULGARIA","42.69:23.31","2014-09-01",108
"SAINT KITTS AND NEVIS","17.31:-62.73","2014-07-01",106
"MONACO","43.74:7.42","2014-07-01",105
"GREECE","37.98:23.73","2014-07-01",103
"BULGARIA","42.69:23.31","2014-08-01",103
"SEYCHELLES","-4.62:55.45","2014-12-01",103
"KUWAIT","29.38:47.99","2014-12-01",99
"PAKISTAN","33.72:73.06","2014-12-01",99
"KUWAIT","29.38:47.99","2014-11-01",98
"COOK ISLANDS","-21.2:-159.76","2014-12-01",98
"PAKISTAN","33.72:73.06","2014-08-01",97
"PAKISTAN","33.72:73.06","2014-11-01",97
"DOMINICAN REPUBLIC","18.48:-69.91","2014-12-01",97
"BULGARIA","42.69:23.31","2014-07-01",96
"KAZAKHSTAN","51.17:71.47","2014-07-01",96
"KAZAKHSTAN","51.17:71.47","2014-09-01",96
"PAKISTAN","33.72:73.06","2014-09-01",96
"KAZAKHSTAN","51.17:71.47","2014-10-01",96
"KAZAKHSTAN","51.17:71.47","2014-11-01",96
"SEYCHELLES","-4.62:55.45","2014-11-01",96
"KAZAKHSTAN","51.17:71.47","2014-12-01",96
"KAZAKHSTAN","51.17:71.47","2014-08-01",95
"PAKISTAN","33.72:73.06","2014-10-01",95
"DOMINICAN REPUBLIC","18.48:-69.91","2014-11-01",95
"COOK ISLANDS","-21.2:-159.76","2014-11-01",94
"SEYCHELLES","-4.62:55.45","2014-09-01",93
"COOK ISLANDS","-21.2:-159.76","2014-10-01",93
"SEYCHELLES","-4.62:55.45","2014-10-01",93
"KUWAIT","29.38:47.99","2014-09-01",92
"KUWAIT","29.38:47.99","2014-10-01",92
"MARSHALL ISLANDS","7.12:171.06","2014-12-01",92
"COOK ISLANDS","-21.2:-159.76","2014-09-01",91
"PAKISTAN","33.72:73.06","2014-07-01",89
"KUWAIT","29.38:47.99","2014-08-01",89
"MARSHALL ISLANDS","7.12:171.06","2014-09-01",89
"MARSHALL ISLANDS","7.12:171.06","2014-11-01",89
"CAMBODIA","11.57:104.92","2014-12-01",89
"COOK ISLANDS","-21.2:-159.76","2014-08-01",88
"DOMINICAN REPUBLIC","18.48:-69.91","2014-10-01",88
"MARSHALL ISLANDS","7.12:171.06","2014-10-01",88
"COOK ISLANDS","-21.2:-159.76","2014-07-01",87
"CAMBODIA","11.57:104.92","2014-08-01",86
"CAMBODIA","11.57:104.92","2014-09-01",86
"CAMBODIA","11.57:104.92","2014-10-01",86
"CAMBODIA","11.57:104.92","2014-11-01",86
"KUWAIT","29.38:47.99","2014-07-01",84
"BANGLADESH","23.7:90.39","2014-08-01",84
"BANGLADESH","23.7:90.39","2014-09-01",84
"BANGLADESH","23.7:90.39","2014-10-01",84
"BANGLADESH","23.7:90.39","2014-11-01",84
"NIGERIA","9.18:7.17","2014-11-01",84
"NIGERIA","9.18:7.17","2014-12-01",84
"MARSHALL ISLANDS","7.12:171.06","2014-08-01",83
"NIGERIA","9.18:7.17","2014-10-01",83
"CAMBODIA","11.57:104.92","2014-07-01",82
"DOMINICAN REPUBLIC","18.48:-69.91","2014-09-01",82
"NIGERIA","9.18:7.17","2014-09-01",82
"GUATEMALA","14.63:-90.55","2014-11-01",82
"BANGLADESH","23.7:90.39","2014-12-01",82
"CROATIA","45.8:15.97","2014-12-01",82
"GUATEMALA","14.63:-90.55","2014-12-01",82
"BANGLADESH","23.7:90.39","2014-07-01",81
"GUATEMALA","14.63:-90.55","2014-07-01",81
"GUATEMALA","14.63:-90.55","2014-08-01",81
"NIGERIA","9.18:7.17","2014-08-01",81
"GUATEMALA","14.63:-90.55","2014-09-01",81
"GUATEMALA","14.63:-90.55","2014-10-01",81
"MARSHALL ISLANDS","7.12:171.06","2014-07-01",80
"DOMINICAN REPUBLIC","18.48:-69.91","2014-08-01",80
"TRINIDAD AND TOBAGO","10.66:-61.51","2014-12-01",78
"TRINIDAD AND TOBAGO","10.66:-61.51","2014-11-01",77
"NIGERIA","9.18:7.17","2014-07-01",76
"CROATIA","45.8:15.97","2014-11-01",76
"DOMINICAN REPUBLIC","18.48:-69.91","2014-07-01",75
"CROATIA","45.8:15.97","2014-10-01",75
"CROATIA","45.8:15.97","2014-09-01",74
"SAINT LUCIA","14.03:-60.98","2014-11-01",74
"SAINT LUCIA","14.03:-60.98","2014-12-01",74
"CROATIA","45.8:15.97","2014-08-01",73
"BELARUS","53.91:27.55","2014-08-01",72
"BELARUS","53.91:27.55","2014-09-01",72
"BELARUS","53.91:27.55","2014-10-01",72
"BELARUS","53.91:27.55","2014-11-01",72
"BELARUS","53.91:27.55","2014-12-01",72
"TRINIDAD AND TOBAGO","10.66:-61.51","2014-10-01",71
"SAINT LUCIA","14.03:-60.98","2014-10-01",70
"SAINT LUCIA","14.03:-60.98","2014-09-01",69
"KENYA","-1.29:36.82","2014-12-01",69
"BELARUS","53.91:27.55","2014-07-01",68
"SAINT LUCIA","14.03:-60.98","2014-08-01",68
"TRINIDAD AND TOBAGO","10.66:-61.51","2014-09-01",68
"CROATIA","45.8:15.97","2014-07-01",67
"TRINIDAD AND TOBAGO","10.66:-61.51","2014-08-01",67
"KENYA","-1.29:36.82","2014-10-01",67
"KENYA","-1.29:36.82","2014-11-01",67
"SAINT LUCIA","14.03:-60.98","2014-07-01",66
"KENYA","-1.29:36.82","2014-09-01",66
"SLOVAKIA","48.16:17.13","2014-11-01",64
"SLOVAKIA","48.16:17.13","2014-12-01",64
"SLOVAKIA","48.16:17.13","2014-07-01",63
"KENYA","-1.29:36.82","2014-08-01",63
"SLOVAKIA","48.16:17.13","2014-08-01",63
"SLOVAKIA","48.16:17.13","2014-09-01",62
"SLOVAKIA","48.16:17.13","2014-10-01",62
"AZERBAIJAN","40.39:49.86","2014-12-01",60
"QATAR","25.3:51.51","2014-12-01",60
"TRINIDAD AND TOBAGO","10.66:-61.51","2014-07-01",59
"SLOVENIA","46.06:14.51","2014-12-01",59
"IRAQ","33.33:44.44","2014-12-01",58
"IRAQ","33.33:44.44","2014-10-01",57
"IRAQ","33.33:44.44","2014-11-01",57
"EL SALVADOR","13.69:-89.19","2014-12-01",57
"IRAQ","33.33:44.44","2014-08-01",55
"SEYCHELLES","-4.62:55.45","2014-08-01",55
"GHANA","5.56:-0.2","2014-09-01",55
"IRAQ","33.33:44.44","2014-09-01",55
"QATAR","25.3:51.51","2014-09-01",55
"GHANA","5.56:-0.2","2014-10-01",55
"LATVIA","56.97:24.13","2014-10-01",55
"QATAR","25.3:51.51","2014-10-01",55
"GHANA","5.56:-0.2","2014-11-01",55
"LATVIA","56.97:24.13","2014-11-01",55
"QATAR","25.3:51.51","2014-11-01",55
"SRI LANKA","6.93:79.85","2014-11-01",55
"GHANA","5.56:-0.2","2014-12-01",55
"JORDAN","31.95:35.93","2014-12-01",55
"SRI LANKA","6.93:79.85","2014-12-01",55
"KENYA","-1.29:36.82","2014-07-01",54
"GHANA","5.56:-0.2","2014-08-01",54
"QATAR","25.3:51.51","2014-08-01",54
"LATVIA","56.97:24.13","2014-09-01",54
"JAMAICA","17.99:-76.8","2014-10-01",54
"SRI LANKA","6.93:79.85","2014-10-01",54
"JAMAICA","17.99:-76.8","2014-11-01",54
"JORDAN","31.95:35.93","2014-11-01",54
"JAMAICA","17.99:-76.8","2014-12-01",54
"LATVIA","56.97:24.13","2014-12-01",54
"LATVIA","56.97:24.13","2014-08-01",53
"JAMAICA","17.99:-76.8","2014-09-01",53
"HONDURAS","14.09:-87.22","2014-10-01",53
"SLOVENIA","46.06:14.51","2014-11-01",53
"QATAR","25.3:51.51","2014-07-01",52
"HONDURAS","14.09:-87.22","2014-09-01",52
"SRI LANKA","6.93:79.85","2014-09-01",52
"HONDURAS","14.09:-87.22","2014-11-01",52
"HONDURAS","14.09:-87.22","2014-12-01",52
"GHANA","5.56:-0.2","2014-07-01",51
"SAMOA","-13.83:-171.76","2014-07-01",51
"JAMAICA","17.99:-76.8","2014-08-01",51
"SAMOA","-13.83:-171.76","2014-08-01",51
"SRI LANKA","6.93:79.85","2014-08-01",51
"JORDAN","31.95:35.93","2014-10-01",51
"SAMOA","-13.83:-171.76","2014-12-01",51
"HONDURAS","14.09:-87.22","2014-07-01",50
"LATVIA","56.97:24.13","2014-07-01",50
"HONDURAS","14.09:-87.22","2014-08-01",50
"IRAQ","33.33:44.44","2014-07-01",49
"JORDAN","31.95:35.93","2014-08-01",49
"JORDAN","31.95:35.93","2014-09-01",49
"SAMOA","-13.83:-171.76","2014-09-01",49
"SAMOA","-13.83:-171.76","2014-10-01",49
"AZERBAIJAN","40.39:49.86","2014-11-01",49
"SAMOA","-13.83:-171.76","2014-11-01",49
"JORDAN","31.95:35.93","2014-07-01",48
"AZERBAIJAN","40.39:49.86","2014-10-01",46
"EL SALVADOR","13.69:-89.19","2014-11-01",45
"EL SALVADOR","13.69:-89.19","2014-08-01",44
"AZERBAIJAN","40.39:49.86","2014-09-01",44
"EL SALVADOR","13.69:-89.19","2014-09-01",44
"EL SALVADOR","13.69:-89.19","2014-10-01",44
"SAUDI ARABIA","24.65:46.77","2014-12-01",44
"SEYCHELLES","-4.62:55.45","2014-07-01",43
"ANDORRA","42.51:1.51","2014-10-01",43
"ANDORRA","42.51:1.51","2014-11-01",43
"JAMAICA","17.99:-76.8","2014-07-01",42
"SRI LANKA","6.93:79.85","2014-07-01",42
"ANDORRA","42.51:1.51","2014-08-01",42
"AZERBAIJAN","40.39:49.86","2014-08-01",42
"ANDORRA","42.51:1.51","2014-09-01",42
"SAUDI ARABIA","24.65:46.77","2014-09-01",42
"SAUDI ARABIA","24.65:46.77","2014-10-01",42
"NAMIBIA","-22.56:17.09","2014-11-01",42
"SAUDI ARABIA","24.65:46.77","2014-11-01",42
"ANDORRA","42.51:1.51","2014-12-01",42
"NAMIBIA","-22.56:17.09","2014-12-01",42
"EL SALVADOR","13.69:-89.19","2014-07-01",41
"SLOVENIA","46.06:14.51","2014-10-01",41
"ANTIGUA AND BARBUDA","17.11:-61.85","2014-11-01",41
"ANTIGUA AND BARBUDA","17.11:-61.85","2014-08-01",40
"SAUDI ARABIA","24.65:46.77","2014-08-01",40
"ANTIGUA AND BARBUDA","17.11:-61.85","2014-09-01",40
"SLOVENIA","46.06:14.51","2014-09-01",40
"ANTIGUA AND BARBUDA","17.11:-61.85","2014-10-01",40
"ANTIGUA AND BARBUDA","17.11:-61.85","2014-12-01",40
"ANTIGUA AND BARBUDA","17.11:-61.85","2014-07-01",39
"SLOVENIA","46.06:14.51","2014-08-01",38
"LIBERIA","6.31:-10.8","2014-11-01",37
"LIBERIA","6.31:-10.8","2014-12-01",37
"ESTONIA","59.44:24.74","2014-08-01",36
"ESTONIA","59.44:24.74","2014-09-01",36
"ESTONIA","59.44:24.74","2014-10-01",36
"ESTONIA","59.44:24.74","2014-11-01",36
"ANDORRA","42.51:1.51","2014-07-01",35
"NAMIBIA","-22.56:17.09","2014-10-01",35
"ARMENIA","40.17:44.52","2014-11-01",35
"NEPAL","27.71:85.31","2014-11-01",35
"ARMENIA","40.17:44.52","2014-12-01",35
"ESTONIA","59.44:24.74","2014-12-01",35
"NEPAL","27.71:85.31","2014-12-01",35
"ARMENIA","40.17:44.52","2014-07-01",34
"AZERBAIJAN","40.39:49.86","2014-07-01",34
"ARMENIA","40.17:44.52","2014-08-01",34
"ARMENIA","40.17:44.52","2014-09-01",34
"ARMENIA","40.17:44.52","2014-10-01",34
"NEPAL","27.71:85.31","2014-10-01",34
"GRENADA","12.06:-61.74","2014-11-01",34
"BOSNIA AND HERZEGOVINA","43.85:18.38","2014-12-01",34
"PARAGUAY","-25.3:-57.63","2014-12-01",34
"ESTONIA","59.44:24.74","2014-07-01",33
"GRENADA","12.06:-61.74","2014-07-01",33
"NEPAL","27.71:85.31","2014-07-01",33
"GRENADA","12.06:-61.74","2014-08-01",33
"NEPAL","27.71:85.31","2014-08-01",33
"GRENADA","12.06:-61.74","2014-09-01",33
"NEPAL","27.71:85.31","2014-09-01",33
"GRENADA","12.06:-61.74","2014-10-01",33
"ECUADOR","-0.19:-78.5","2014-12-01",33
"GRENADA","12.06:-61.74","2014-12-01",33
"SLOVENIA","46.06:14.51","2014-07-01",32
"LITHUANIA","54.7:25.27","2014-12-01",32
"LIBERIA","6.31:-10.8","2014-08-01",31
"LITHUANIA","54.7:25.27","2014-08-01",31
"LIBERIA","6.31:-10.8","2014-09-01",31
"LITHUANIA","54.7:25.27","2014-09-01",31
"LIBERIA","6.31:-10.8","2014-10-01",31
"LITHUANIA","54.7:25.27","2014-10-01",31
"LITHUANIA","54.7:25.27","2014-11-01",31
"PARAGUAY","-25.3:-57.63","2014-11-01",31
"OMAN","23.61:58.54","2014-08-01",30
"KYRGYZSTAN","42.87:74.57","2014-09-01",30
"OMAN","23.61:58.54","2014-09-01",30
"GEORGIA","41.72:44.79","2014-10-01",30
"KYRGYZSTAN","42.87:74.57","2014-10-01",30
"OMAN","23.61:58.54","2014-10-01",30
"ECUADOR","-0.19:-78.5","2014-11-01",30
"GEORGIA","41.72:44.79","2014-11-01",30
"KYRGYZSTAN","42.87:74.57","2014-11-01",30
"GEORGIA","41.72:44.79","2014-12-01",30
"KYRGYZSTAN","42.87:74.57","2014-12-01",30
"KYRGYZSTAN","42.87:74.57","2014-07-01",29
"LIBERIA","6.31:-10.8","2014-07-01",29
"LITHUANIA","54.7:25.27","2014-07-01",29
"GEORGIA","41.72:44.79","2014-08-01",29
"KYRGYZSTAN","42.87:74.57","2014-08-01",29
"NAMIBIA","-22.56:17.09","2014-08-01",29
"GEORGIA","41.72:44.79","2014-09-01",29
"NAMIBIA","-22.56:17.09","2014-09-01",29
"ECUADOR","-0.19:-78.5","2014-10-01",29
"BOSNIA AND HERZEGOVINA","43.85:18.38","2014-11-01",29
"OMAN","23.61:58.54","2014-11-01",29
"OMAN","23.61:58.54","2014-12-01",29
"UGANDA","0.32:32.58","2014-12-01",29
"ECUADOR","-0.19:-78.5","2014-08-01",28
"ECUADOR","-0.19:-78.5","2014-09-01",28
"ECUADOR","-0.19:-78.5","2014-07-01",27
"PARAGUAY","-25.3:-57.63","2014-10-01",27
"UGANDA","0.32:32.58","2014-11-01",27
"BOTSWANA","-24.65:25.91","2014-12-01",27
"GEORGIA","41.72:44.79","2014-07-01",26
"NAMIBIA","-22.56:17.09","2014-07-01",26
"BOSNIA AND HERZEGOVINA","43.85:18.38","2014-10-01",26
"TAJIKISTAN","38.57:68.78","2014-12-01",26
"OMAN","23.61:58.54","2014-07-01",25
"BOSNIA AND HERZEGOVINA","43.85:18.38","2014-08-01",25
"BOSNIA AND HERZEGOVINA","43.85:18.38","2014-09-01",25
"UGANDA","0.32:32.58","2014-10-01",25
"BOTSWANA","-24.65:25.91","2014-08-01",24
"UGANDA","0.32:32.58","2014-08-01",24
"BOTSWANA","-24.65:25.91","2014-09-01",24
"PARAGUAY","-25.3:-57.63","2014-09-01",24
"UGANDA","0.32:32.58","2014-09-01",24
"TAJIKISTAN","38.57:68.78","2014-10-01",24
"TAJIKISTAN","38.57:68.78","2014-11-01",24
"ZAMBIA","-15.42:28.29","2014-12-01",24
"BOSNIA AND HERZEGOVINA","43.85:18.38","2014-07-01",23
"ZAMBIA","-15.42:28.29","2014-11-01",23
"MONGOLIA","47.93:106.91","2014-08-01",22
"TAJIKISTAN","38.57:68.78","2014-08-01",22
"ZAMBIA","-15.42:28.29","2014-08-01",22
"MONGOLIA","47.93:106.91","2014-09-01",22
"TAJIKISTAN","38.57:68.78","2014-09-01",22
"ZAMBIA","-15.42:28.29","2014-09-01",22
"BOTSWANA","-24.65:25.91","2014-10-01",22
"MONGOLIA","47.93:106.91","2014-10-01",22
"ZAMBIA","-15.42:28.29","2014-10-01",22
"BOTSWANA","-24.65:25.91","2014-11-01",22
"MONGOLIA","47.93:106.91","2014-11-01",22
"ANGOLA","-8.82:13.24","2014-12-01",22
"MONGOLIA","47.93:106.91","2014-12-01",22
"SAUDI ARABIA","24.65:46.77","2014-07-01",21
"PARAGUAY","-25.3:-57.63","2014-08-01",21
"BOTSWANA","-24.65:25.91","2014-07-01",20
"ALBANIA","41.33:19.82","2014-08-01",20
"ALBANIA","41.33:19.82","2014-09-01",20
"DOMINICA","15.3:-61.39","2014-09-01",20
"ALBANIA","41.33:19.82","2014-10-01",20
"DOMINICA","15.3:-61.39","2014-10-01",20
"ALBANIA","41.33:19.82","2014-11-01",20
"ANGOLA","-8.82:13.24","2014-11-01",20
"DOMINICA","15.3:-61.39","2014-11-01",20
"ALBANIA","41.33:19.82","2014-12-01",20
"YEMEN","15.38:44.21","2014-12-01",20
"TAJIKISTAN","38.57:68.78","2014-07-01",19
"UGANDA","0.32:32.58","2014-07-01",19
"YEMEN","15.38:44.21","2014-08-01",19
"YEMEN","15.38:44.21","2014-09-01",19
"ANGOLA","-8.82:13.24","2014-10-01",19
"YEMEN","15.38:44.21","2014-10-01",19
"NICARAGUA","12.15:-86.27","2014-11-01",19
"YEMEN","15.38:44.21","2014-11-01",19
"DOMINICA","15.3:-61.39","2014-12-01",19
"MOZAMBIQUE","-25.95:32.57","2014-12-01",19
"MYANMAR","16.79:96.15","2014-12-01",19
"NICARAGUA","12.15:-86.27","2014-12-01",19
"DOMINICA","15.3:-61.39","2014-07-01",18
"YEMEN","15.38:44.21","2014-07-01",18
"ARUBA","12.53:-70.03","2014-08-01",18
"DOMINICA","15.3:-61.39","2014-08-01",18
"ANGOLA","-8.82:13.24","2014-09-01",18
"ARUBA","12.53:-70.03","2014-09-01",18
"ARUBA","12.53:-70.03","2014-10-01",18
"MALAWI","-13.97:33.8","2014-10-01",18
"MYANMAR","16.79:96.15","2014-10-01",18
"ARUBA","12.53:-70.03","2014-11-01",18
"MALAWI","-13.97:33.8","2014-11-01",18
"MYANMAR","16.79:96.15","2014-11-01",18
"RWANDA","-1.94:30.06","2014-11-01",18
"ARUBA","12.53:-70.03","2014-12-01",18
"MALAWI","-13.97:33.8","2014-12-01",18
"PARAGUAY","-25.3:-57.63","2014-07-01",17
"MALAWI","-13.97:33.8","2014-08-01",17
"MOZAMBIQUE","-25.95:32.57","2014-08-01",17
"MYANMAR","16.79:96.15","2014-08-01",17
"SAN MARINO","43.94:12.43","2014-08-01",17
"MALAWI","-13.97:33.8","2014-09-01",17
"MOZAMBIQUE","-25.95:32.57","2014-09-01",17
"MYANMAR","16.79:96.15","2014-09-01",17
"SAN MARINO","43.94:12.43","2014-09-01",17
"MOZAMBIQUE","-25.95:32.57","2014-10-01",17
"RWANDA","-1.94:30.06","2014-10-01",17
"SAN MARINO","43.94:12.43","2014-10-01",17
"MOZAMBIQUE","-25.95:32.57","2014-11-01",17
"SAN MARINO","43.94:12.43","2014-11-01",17
"RWANDA","-1.94:30.06","2014-12-01",17
"SAN MARINO","43.94:12.43","2014-12-01",17
"ALBANIA","41.33:19.82","2014-07-01",16
"ARUBA","12.53:-70.03","2014-07-01",16
"ANGOLA","-8.82:13.24","2014-08-01",16
"NICARAGUA","12.15:-86.27","2014-08-01",16
"NICARAGUA","12.15:-86.27","2014-09-01",16
"NICARAGUA","12.15:-86.27","2014-10-01",16
"SENEGAL","14.72:-17.48","2014-11-01",16
"ICELAND","64.14:-21.92","2014-12-01",16
"SENEGAL","14.72:-17.48","2014-12-01",16
"MONGOLIA","47.93:106.91","2014-07-01",15
"MOZAMBIQUE","-25.95:32.57","2014-07-01",15
"NICARAGUA","12.15:-86.27","2014-07-01",15
"SAN MARINO","43.94:12.43","2014-07-01",15
"HAITI","18.54:-72.34","2014-08-01",15
"HAITI","18.54:-72.34","2014-09-01",15
"HAITI","18.54:-72.34","2014-10-01",15
"SENEGAL","14.72:-17.48","2014-10-01",15
"HAITI","18.54:-72.34","2014-11-01",15
"HAITI","18.54:-72.34","2014-12-01",15
"SENEGAL","14.72:-17.48","2014-09-01",14
"ICELAND","64.14:-21.92","2014-11-01",14
"MAURITANIA","18.09:-15.98","2014-11-01",14
"MAURITANIA","18.09:-15.98","2014-12-01",14
"HAITI","18.54:-72.34","2014-07-01",13
"ZAMBIA","-15.42:28.29","2014-07-01",13
"MAURITANIA","18.09:-15.98","2014-08-01",13
"SENEGAL","14.72:-17.48","2014-08-01",13
"CAPE VERDE","14.93:-23.54","2014-09-01",13
"MAURITANIA","18.09:-15.98","2014-09-01",13
"CAPE VERDE","14.93:-23.54","2014-10-01",13
"GAMBIA","13.46:-16.6","2014-10-01",13
"MAURITANIA","18.09:-15.98","2014-10-01",13
"CAMEROON","3.87:11.52","2014-11-01",13
"CAPE VERDE","14.93:-23.54","2014-11-01",13
"GAMBIA","13.46:-16.6","2014-11-01",13
"CAMEROON","3.87:11.52","2014-12-01",13
"GAMBIA","13.46:-16.6","2014-12-01",13
"ICELAND","64.14:-21.92","2014-07-01",12
"CAPE VERDE","14.93:-23.54","2014-08-01",12
"GAMBIA","13.46:-16.6","2014-08-01",12
"ICELAND","64.14:-21.92","2014-08-01",12
"TUNISIA","36.84:10.22","2014-08-01",12
"GAMBIA","13.46:-16.6","2014-09-01",12
"ICELAND","64.14:-21.92","2014-09-01",12
"TUNISIA","36.84:10.22","2014-09-01",12
"CAMEROON","3.87:11.52","2014-10-01",12
"ICELAND","64.14:-21.92","2014-10-01",12
"TUNISIA","36.84:10.22","2014-10-01",12
"TUNISIA","36.84:10.22","2014-11-01",12
"CAPE VERDE","14.93:-23.54","2014-12-01",12
"TUNISIA","36.84:10.22","2014-12-01",12
"GAMBIA","13.46:-16.6","2014-07-01",11
"AFGHANISTAN","34.53:69.17","2014-09-01",11
"RWANDA","-1.94:30.06","2014-09-01",11
"AFGHANISTAN","34.53:69.17","2014-10-01",11
"AFGHANISTAN","34.53:69.17","2014-11-01",11
"BENIN","6.48:2.63","2014-11-01",11
"GUINEA","9.55:-13.67","2014-11-01",11
"TURKMENISTAN","37.95:58.38","2014-11-01",11
"AFGHANISTAN","34.53:69.17","2014-12-01",11
"BENIN","6.48:2.63","2014-12-01",11
"GUINEA","9.55:-13.67","2014-12-01",11
"GUYANA","6.79:-58.16","2014-12-01",11
"MALI","12.65:-7.99","2014-12-01",11
"TURKMENISTAN","37.95:58.38","2014-12-01",11
"ETHIOPIA","9.03:38.74","2014-12-01",11
"ANGOLA","-8.82:13.24","2014-07-01",10
"CAMEROON","3.87:11.52","2014-07-01",10
"MALAWI","-13.97:33.8","2014-07-01",10
"SENEGAL","14.72:-17.48","2014-07-01",10
"TUNISIA","36.84:10.22","2014-07-01",10
"AFGHANISTAN","34.53:69.17","2014-08-01",10
"CAMEROON","3.87:11.52","2014-08-01",10
"MALI","12.65:-7.99","2014-08-01",10
"RWANDA","-1.94:30.06","2014-08-01",10
"TOGO","6.17:1.35","2014-08-01",10
"CAMEROON","3.87:11.52","2014-09-01",10
"MALI","12.65:-7.99","2014-09-01",10
"SWAZILAND","-26.32:31.14","2014-09-01",10
"TOGO","6.17:1.35","2014-09-01",10
"BENIN","6.48:2.63","2014-10-01",10
"MALI","12.65:-7.99","2014-10-01",10
"SURINAME","5.85:-55.2","2014-10-01",10
"SWAZILAND","-26.32:31.14","2014-10-01",10
"TOGO","6.17:1.35","2014-10-01",10
"GUYANA","6.79:-58.16","2014-11-01",10
"MALI","12.65:-7.99","2014-11-01",10
"SURINAME","5.85:-55.2","2014-11-01",10
"SWAZILAND","-26.32:31.14","2014-11-01",10
"TOGO","6.17:1.35","2014-11-01",10
"SIERRA LEONE","8.49:-13.24","2014-12-01",10
"SURINAME","5.85:-55.2","2014-12-01",10
"SWAZILAND","-26.32:31.14","2014-12-01",10
"TOGO","6.17:1.35","2014-12-01",10
"ALGERIA","36.77:3.04","2014-07-01",9
"RWANDA","-1.94:30.06","2014-07-01",9
"SIERRA LEONE","8.49:-13.24","2014-07-01",9
"SURINAME","5.85:-55.2","2014-07-01",9
"GUYANA","6.79:-58.16","2014-08-01",9
"SIERRA LEONE","8.49:-13.24","2014-08-01",9
"SURINAME","5.85:-55.2","2014-08-01",9
"SWAZILAND","-26.32:31.14","2014-08-01",9
"BENIN","6.48:2.63","2014-09-01",9
"GUYANA","6.79:-58.16","2014-09-01",9
"SIERRA LEONE","8.49:-13.24","2014-09-01",9
"SURINAME","5.85:-55.2","2014-09-01",9
"GUINEA","9.55:-13.67","2014-10-01",9
"GUYANA","6.79:-58.16","2014-10-01",9
"SIERRA LEONE","8.49:-13.24","2014-10-01",9
"VANUATU","-17.74:168.31","2014-10-01",9
"SIERRA LEONE","8.49:-13.24","2014-11-01",9
"VANUATU","-17.74:168.31","2014-11-01",9
"ETHIOPIA","9.03:38.74","2014-11-01",9
"VANUATU","-17.74:168.31","2014-12-01",9
"ZIMBABWE","-17.82:31.05","2014-12-01",9
"AFGHANISTAN","34.53:69.17","2014-07-01",8
"BENIN","6.48:2.63","2014-07-01",8
"BENIN","6.48:2.63","2014-08-01",8
"BURKINA FASO","12.37:-1.53","2014-08-01",8
"GUINEA","9.55:-13.67","2014-08-01",8
"ZIMBABWE","-17.82:31.05","2014-08-01",8
"BURKINA FASO","12.37:-1.53","2014-09-01",8
"GUINEA","9.55:-13.67","2014-09-01",8
"VANUATU","-17.74:168.31","2014-09-01",8
"ZIMBABWE","-17.82:31.05","2014-09-01",8
"BURKINA FASO","12.37:-1.53","2014-10-01",8
"ZIMBABWE","-17.82:31.05","2014-10-01",8
"BURKINA FASO","12.37:-1.53","2014-11-01",8
"LIBYA","32.87:13.18","2014-11-01",8
"MADAGASCAR","-18.89:47.51","2014-11-01",8
"ZIMBABWE","-17.82:31.05","2014-11-01",8
"BURKINA FASO","12.37:-1.53","2014-12-01",8
"LIBYA","32.87:13.18","2014-12-01",8
"MADAGASCAR","-18.89:47.51","2014-12-01",8
"GUINEA","9.55:-13.67","2014-07-01",7
"GUYANA","6.79:-58.16","2014-07-01",7
"LIBYA","32.87:13.18","2014-07-01",7
"MADAGASCAR","-18.89:47.51","2014-07-01",7
"ALGERIA","36.77:3.04","2014-08-01",7
"LIBYA","32.87:13.18","2014-08-01",7
"MADAGASCAR","-18.89:47.51","2014-08-01",7
"MALDIVES","4.17:73.5","2014-08-01",7
"LIBYA","32.87:13.18","2014-09-01",7
"MADAGASCAR","-18.89:47.51","2014-09-01",7
"MALDIVES","4.17:73.5","2014-09-01",7
"LIBYA","32.87:13.18","2014-10-01",7
"MADAGASCAR","-18.89:47.51","2014-10-01",7
"MALDIVES","4.17:73.5","2014-10-01",7
"MALDIVES","4.17:73.5","2014-11-01",7
"SUDAN","15.58:32.52","2014-11-01",7
"BURUNDI","-3.37:29.35","2014-12-01",7
"MALDIVES","4.17:73.5","2014-12-01",7
"SUDAN","15.58:32.52","2014-12-01",7
"BURKINA FASO","12.37:-1.53","2014-07-01",6
"CAPE VERDE","14.93:-23.54","2014-07-01",6
"MALDIVES","4.17:73.5","2014-07-01",6
"MAURITANIA","18.09:-15.98","2014-07-01",6
"MYANMAR","16.79:96.15","2014-07-01",6
"TOGO","6.17:1.35","2014-07-01",6
"ZIMBABWE","-17.82:31.05","2014-07-01",6
"ALGERIA","36.77:3.04","2014-09-01",6
"SUDAN","15.58:32.52","2014-09-01",6
"ALGERIA","36.77:3.04","2014-10-01",6
"SUDAN","15.58:32.52","2014-10-01",6
"ALGERIA","36.77:3.04","2014-11-01",6
"LESOTHO","-29.31:27.49","2014-11-01",6
"ALGERIA","36.77:3.04","2014-12-01",6
"LESOTHO","-29.31:27.49","2014-12-01",6
"CONGO","-4.25:15.26","2014-07-01",5
"MALI","12.65:-7.99","2014-07-01",5
"NEW CALEDONIA","-22.27:166.44","2014-07-01",5
"SWAZILAND","-26.32:31.14","2014-07-01",5
"VANUATU","-17.74:168.31","2014-07-01",5
"CONGO","-4.25:15.26","2014-08-01",5
"NEW CALEDONIA","-22.27:166.44","2014-08-01",5
"NIGER","13.52:2.12","2014-08-01",5
"VANUATU","-17.74:168.31","2014-08-01",5
"SUDAN","15.58:32.52","2014-08-01",5
"CONGO","-4.25:15.26","2014-09-01",5
"NEW CALEDONIA","-22.27:166.44","2014-09-01",5
"NIGER","13.52:2.12","2014-09-01",5
"BURUNDI","-3.37:29.35","2014-10-01",5
"CONGO","-4.25:15.26","2014-10-01",5
"NEW CALEDONIA","-22.27:166.44","2014-10-01",5
"NIGER","13.52:2.12","2014-10-01",5
"BURUNDI","-3.37:29.35","2014-11-01",5
"CONGO","-4.25:15.26","2014-11-01",5
"NEW CALEDONIA","-22.27:166.44","2014-11-01",5
"NIGER","13.52:2.12","2014-11-01",5
"CONGO","-4.25:15.26","2014-12-01",5
"GABON","0.39:9.45","2014-12-01",5
"NEW CALEDONIA","-22.27:166.44","2014-12-01",5
"NIGER","13.52:2.12","2014-12-01",5
"UZBEKISTAN","41.31:69.3","2014-12-01",5
"CHAD","12.11:15.05","2014-07-01",4
"GABON","0.39:9.45","2014-07-01",4
"GUAM","13.47:144.75","2014-07-01",4
"NIGER","13.52:2.12","2014-07-01",4
"PAPUA NEW GUINEA","-9.48:147.18","2014-07-01",4
"PUERTO RICO","18.44:-66.13","2014-07-01",4
"BURUNDI","-3.37:29.35","2014-08-01",4
"CENTRAL AFRICAN REPUBLIC","4.36:18.56","2014-08-01",4
"CHAD","12.11:15.05","2014-08-01",4
"GABON","0.39:9.45","2014-08-01",4
"GUAM","13.47:144.75","2014-08-01",4
"PAPUA NEW GUINEA","-9.48:147.18","2014-08-01",4
"PUERTO RICO","18.44:-66.13","2014-08-01",4
"BURUNDI","-3.37:29.35","2014-09-01",4
"CENTRAL AFRICAN REPUBLIC","4.36:18.56","2014-09-01",4
"CHAD","12.11:15.05","2014-09-01",4
"GABON","0.39:9.45","2014-09-01",4
"GUAM","13.47:144.75","2014-09-01",4
"PAPUA NEW GUINEA","-9.48:147.18","2014-09-01",4
"PUERTO RICO","18.44:-66.13","2014-09-01",4
"SOLOMON ISLANDS","-9.43:159.91","2014-09-01",4
"CENTRAL AFRICAN REPUBLIC","4.36:18.56","2014-10-01",4
"CHAD","12.11:15.05","2014-10-01",4
"GABON","0.39:9.45","2014-10-01",4
"LESOTHO","-29.31:27.49","2014-10-01",4
"PAPUA NEW GUINEA","-9.48:147.18","2014-10-01",4
"PUERTO RICO","18.44:-66.13","2014-10-01",4
"SOLOMON ISLANDS","-9.43:159.91","2014-10-01",4
"ETHIOPIA","9.03:38.74","2014-10-01",4
"CENTRAL AFRICAN REPUBLIC","4.36:18.56","2014-11-01",4
"CHAD","12.11:15.05","2014-11-01",4
"EQUATORIAL GUINEA","3.74:8.79","2014-11-01",4
"GABON","0.39:9.45","2014-11-01",4
"PAPUA NEW GUINEA","-9.48:147.18","2014-11-01",4
"PUERTO RICO","18.44:-66.13","2014-11-01",4
"SAO TOME AND PRINCIPE","0.37:6.73","2014-11-01",4
"SOLOMON ISLANDS","-9.43:159.91","2014-11-01",4
"UZBEKISTAN","41.31:69.3","2014-11-01",4
"CENTRAL AFRICAN REPUBLIC","4.36:18.56","2014-12-01",4
"CHAD","12.11:15.05","2014-12-01",4
"DJIBOUTI","11.56:43.15","2014-12-01",4
"EQUATORIAL GUINEA","3.74:8.79","2014-12-01",4
"PAPUA NEW GUINEA","-9.48:147.18","2014-12-01",4
"PUERTO RICO","18.44:-66.13","2014-12-01",4
"SAO TOME AND PRINCIPE","0.37:6.73","2014-12-01",4
"SOLOMON ISLANDS","-9.43:159.91","2014-12-01",4
"BURUNDI","-3.37:29.35","2014-07-01",3
"FRENCH POLYNESIA","-17.52:-149.56","2014-07-01",3
"SOLOMON ISLANDS","-9.43:159.91","2014-07-01",3
"EQUATORIAL GUINEA","3.74:8.79","2014-08-01",3
"FRENCH POLYNESIA","-17.52:-149.56","2014-08-01",3
"LESOTHO","-29.31:27.49","2014-08-01",3
"SOLOMON ISLANDS","-9.43:159.91","2014-08-01",3
"UZBEKISTAN","41.31:69.3","2014-08-01",3
"DJIBOUTI","11.56:43.15","2014-09-01",3
"EQUATORIAL GUINEA","3.74:8.79","2014-09-01",3
"FRENCH POLYNESIA","-17.52:-149.56","2014-09-01",3
"LESOTHO","-29.31:27.49","2014-09-01",3
"UZBEKISTAN","41.31:69.3","2014-09-01",3
"ETHIOPIA","9.03:38.74","2014-09-01",3
"EQUATORIAL GUINEA","3.74:8.79","2014-10-01",3
"FRENCH POLYNESIA","-17.52:-149.56","2014-10-01",3
"GUAM","13.47:144.75","2014-10-01",3
"SAO TOME AND PRINCIPE","0.37:6.73","2014-10-01",3
"UZBEKISTAN","41.31:69.3","2014-10-01",3
"DJIBOUTI","11.56:43.15","2014-11-01",3
"FRENCH POLYNESIA","-17.52:-149.56","2014-11-01",3
"GREENLAND","64.18:-51.73","2014-11-01",3
"GUAM","13.47:144.75","2014-11-01",3
"COMOROS","-11.74:43.23","2014-12-01",3
"FRENCH POLYNESIA","-17.52:-149.56","2014-12-01",3
"GREENLAND","64.18:-51.73","2014-12-01",3
"GUAM","13.47:144.75","2014-12-01",3
"CENTRAL AFRICAN REPUBLIC","4.36:18.56","2014-07-01",2
"DJIBOUTI","11.56:43.15","2014-07-01",2
"LESOTHO","-29.31:27.49","2014-07-01",2
"TONGA","-21.14:-175.22","2014-07-01",2
"UZBEKISTAN","41.31:69.3","2014-07-01",2
"BHUTAN","27.48:89.7","2014-08-01",2
"DJIBOUTI","11.56:43.15","2014-08-01",2
"GREENLAND","64.18:-51.73","2014-08-01",2
"SAO TOME AND PRINCIPE","0.37:6.73","2014-08-01",2
"TONGA","-21.14:-175.22","2014-08-01",2
"ETHIOPIA","9.03:38.74","2014-08-01",2
"BHUTAN","27.48:89.7","2014-09-01",2
"GREENLAND","64.18:-51.73","2014-09-01",2
"SAO TOME AND PRINCIPE","0.37:6.73","2014-09-01",2
"TONGA","-21.14:-175.22","2014-09-01",2
"BHUTAN","27.48:89.7","2014-10-01",2
"DJIBOUTI","11.56:43.15","2014-10-01",2
"GREENLAND","64.18:-51.73","2014-10-01",2
"TONGA","-21.14:-175.22","2014-10-01",2
"BHUTAN","27.48:89.7","2014-11-01",2
"TONGA","-21.14:-175.22","2014-11-01",2
"BHUTAN","27.48:89.7","2014-12-01",2
"TONGA","-21.14:-175.22","2014-12-01",2
"BHUTAN","27.48:89.7","2014-07-01",1
"COMOROS","-11.74:43.23","2014-07-01",1
"EQUATORIAL GUINEA","3.74:8.79","2014-07-01",1
"GREENLAND","64.18:-51.73","2014-07-01",1
"GUADELOUPE","16:-61.72","2014-07-01",1
"GUINEA-BISSAU","11.87:-15.6","2014-07-01",1
"KIRIBATI","1.33:172.99","2014-07-01",1
"MARTINIQUE","14.6:-61.08","2014-07-01",1
"REUNION","-20.87:55.46","2014-07-01",1
"SAINT PIERRE AND MIQUELON","46.79:-56.18","2014-07-01",1
"SAO TOME AND PRINCIPE","0.37:6.73","2014-07-01",1
"TURKMENISTAN","37.95:58.38","2014-07-01",1
"WALLIS AND FUTUNA","-13.28:-176.13","2014-07-01",1
"COMOROS","-11.74:43.23","2014-08-01",1
"GUADELOUPE","16:-61.72","2014-08-01",1
"GUINEA-BISSAU","11.87:-15.6","2014-08-01",1
"KIRIBATI","1.33:172.99","2014-08-01",1
"MARTINIQUE","14.6:-61.08","2014-08-01",1
"REUNION","-20.87:55.46","2014-08-01",1
"SAINT PIERRE AND MIQUELON","46.79:-56.18","2014-08-01",1
"TURKMENISTAN","37.95:58.38","2014-08-01",1
"WALLIS AND FUTUNA","-13.28:-176.13","2014-08-01",1
"COMOROS","-11.74:43.23","2014-09-01",1
"GUADELOUPE","16:-61.72","2014-09-01",1
"GUINEA-BISSAU","11.87:-15.6","2014-09-01",1
"KIRIBATI","1.33:172.99","2014-09-01",1
"MARTINIQUE","14.6:-61.08","2014-09-01",1
"REUNION","-20.87:55.46","2014-09-01",1
"SAINT PIERRE AND MIQUELON","46.79:-56.18","2014-09-01",1
"TURKMENISTAN","37.95:58.38","2014-09-01",1
"WALLIS AND FUTUNA","-13.28:-176.13","2014-09-01",1
"COMOROS","-11.74:43.23","2014-10-01",1
"GUADELOUPE","16:-61.72","2014-10-01",1
"GUINEA-BISSAU","11.87:-15.6","2014-10-01",1
"KIRIBATI","1.33:172.99","2014-10-01",1
"MARTINIQUE","14.6:-61.08","2014-10-01",1
"REUNION","-20.87:55.46","2014-10-01",1
"SAINT PIERRE AND MIQUELON","46.79:-56.18","2014-10-01",1
"TURKMENISTAN","37.95:58.38","2014-10-01",1
"WALLIS AND FUTUNA","-13.28:-176.13","2014-10-01",1
"COMOROS","-11.74:43.23","2014-11-01",1
"GUADELOUPE","16:-61.72","2014-11-01",1
"GUINEA-BISSAU","11.87:-15.6","2014-11-01",1
"KIRIBATI","1.33:172.99","2014-11-01",1
"MARTINIQUE","14.6:-61.08","2014-11-01",1
"REUNION","-20.87:55.46","2014-11-01",1
"SAINT PIERRE AND MIQUELON","46.79:-56.18","2014-11-01",1
"WALLIS AND FUTUNA","-13.28:-176.13","2014-11-01",1
"GUADELOUPE","16:-61.72","2014-12-01",1
"GUINEA-BISSAU","11.87:-15.6","2014-12-01",1
"KIRIBATI","1.33:172.99","2014-12-01",1
"MARTINIQUE","14.6:-61.08","2014-12-01",1
"REUNION","-20.87:55.46","2014-12-01",1
"SAINT PIERRE AND MIQUELON","46.79:-56.18","2014-12-01",1
"WALLIS AND FUTUNA","-13.28:-176.13","2014-12-01",1
"ETHIOPIA","9.03:38.74","2014-07-01",0
"SUDAN","15.58:32.52","2014-07-01",0
